Comune,Popolazione,Imprese attive,Reddito,Rifiuti urbani,Raccolta differenziata,Rapporto differenziata/non differenziata
Torino,2238663,0.08279406056204082,6687.014626140692,0.19556525479717135,0.0932256440562961,0.47669839999433533
Vercelli,170493,0.07192670666830896,4333.330412392298,0.16253863794994516,0.11647223053145878,0.7165818047972518
Biella,175341,0.07866386070571059,4259.120981401954,0.13294152537056364,0.10431901266674652,0.7846984783420063
Novara,365773,0.07606083554554327,4788.250603516389,0.12403020452575779,0.09169047469332073,0.7392592396659239
Cuneo,587213,0.08244538182908076,1643.184733648608,0.05055388760126223,0.03608043418657285,0.7137024648065243
Asti,213504,0.0764294814148681,5321.5529966651675,0.17844677383093524,0.12386793690047962,0.6941450060500117
Alessandria,420300,0.0755484177968118,3379.292752795622,0.12748846062336427,0.06158244111349036,0.48304325593374065
Imperia,209982,0.08390242973207228,2902.0100865788495,0.09138021354211313,0.06109237934680115,0.6685515056128245
Savona,273732,0.09186357459120599,3542.5088517235836,0.12085726184735435,0.05291379889819239,0.43782060001511375
Genova,831172,0.08575120432353352,12383.066436309211,0.3408383583662587,0.12105496816543387,0.35516826435172066
La Spezia,218094,0.08083670343980119,6668.910676130476,0.2078525773290416,0.1556365603822205,0.7487834039981117
Varese,885085,0.07704118813447296,1596.176497172588,0.04554782873961258,0.03161379980453855,0.6940791839994841
Como,597807,0.07989033249861577,2415.7744757087153,0.07018067704125244,0.050731423352352846,0.7228688221764054
Lecco,337674,0.08004761989374368,2695.215376368924,0.06826554605921688,0.04472479373597019,0.6551591002754701
Sondrio,180680,0.07952180650874474,2063.2735222492806,0.05997288023024131,0.03285034314810715,0.5477533015254847
Bergamo,1105039,0.08263056778991511,2236.1313202520455,0.05645909329896954,0.0402878088465656,0.7135752009552889
Brescia,1254419,0.08669750697334783,2769.78274484044,0.09107802098023068,0.06579372601977489,0.7223886214442012
Pavia,541717,0.07215944856816382,2640.7330598818203,0.07564853973569224,0.04930544915518619,0.6517700054416655
Lodi,226949,0.06545082815963058,3697.7135303526343,0.08794751243671485,0.06633076153673292,0.7542085011723683
Cremona,356150,0.07056296504281903,3609.6752688473957,0.10513323038045766,0.07830211989330338,0.7447894410734126
Mantova,407851,0.07720466542928668,2141.0383890195194,0.06460177859071083,0.0539066963180181,0.8344460089798428
Milano,3250077,0.10508520259673848,10151.022958532982,0.2176893962819958,0.13335188673991416,0.6125786970678606
L'Aquila,297313,0.07702993141907687,3608.9730284245898,0.11726900606431605,0.043112141076912205,0.3676345739066587
Teramo,305291,0.0838970031871231,2446.4922811350484,0.06979439289071737,0.043796246859553675,0.6275038014605118
Pescara,317366,0.08793002401013342,5395.609233503274,0.21891034326298342,0.10279519545256896,0.46957669482559844
Chieti,380675,0.07407893872726079,1819.4715728639917,0.06997622643987654,0.047224535364812505,0.6748654188346059
Isernia,84027,0.07779642257845693,3184.7095814440595,0.11010746545753151,0.05862401370987897,0.5324254215304799
Campobasso,219763,0.07018014861464396,2999.0830576575677,0.0975346168372292,0.02786683836678604,0.28571228626746603
Caserta,915549,0.06025455764792491,1130.6039217999255,0.04102478403668181,0.02059321783978793,0.5019701705528724
Benevento,275384,0.07083926444528367,2594.551019667083,0.09370914795340325,0.05820272782732475,0.6210997442455243
Napoli,3048194,0.06545416728725272,3233.7671079990314,0.16602585006072448,0.06014948523617591,0.3622898796432968
Avellino,414109,0.06896734917618308,1823.383382153008,0.05434366314182981,0.03875090857721035,0.7130713377947228
Salerno,1087055,0.0749069734282074,1682.314126700121,0.057442723689233754,0.034234238378002955,0.5959717119823712
Taranto,568258,0.057128980146341976,3975.7444030704364,0.18986164735032326,0.030426320438955545,0.16025522196599512
Brindisi,387817,0.06411787002632685,2503.0012454327684,0.10794369509330431,0.051938156398507546,0.4811597041736737
Lecce,786408,0.0750488296151616,1692.1347036144089,0.061432106489252396,0.04001345357626067,0.6513443191673894
Foggia,611518,0.06218786691479237,2713.8972769403354,0.12319097720753927,0.02766983146857492,0.2246092375901823
Bari,1234997,0.07349977368366077,3510.698680239709,0.15332701213039385,0.0662149786598672,0.43185462065585684
Potenza,362452,0.06771103484047543,2554.2991927206913,0.07089076622559677,0.04560162449096709,0.6432660686139058
Matera,196135,0.06607693680373213,4128.7388074540495,0.14765646111096947,0.03585591556835853,0.24283336671201566
Cosenza,695605,0.062480861983453255,1138.3021901797715,0.04044551146124596,0.024787343391723754,0.612857706484302
Crotone,171486,0.05373033367155336,3283.4546785160305,0.18175769450567394,0.019966061369441238,0.109849882414843
Catanzaro,352065,0.06657009359067217,2968.6853137914873,0.10546205956286481,0.07063894451308707,0.6698043334814635
Vibo Valentia,156378,0.06100602386524959,2356.221469771963,0.08796569849978897,0.045299850362582966,0.5149717575731141
Reggio di Calabria,536487,0.056335009049613506,3691.3987552354483,0.13281682501160327,0.061969069147994264,0.46657544435790016
Trapani,424039,0.06133869761979441,1582.9497428302586,0.07302960340912039,0.04202868132412349,0.5755019795010236
Palermo,1231602,0.05385668422103894,5670.1614856097995,0.3114941352807157,0.054162870797546614,0.17388086857152393
Messina,618713,0.06649771380268396,4216.894521369359,0.18684705186411146,0.03516590082962537,0.18820688086211027
Agrigento,428003,0.05603699039492714,1497.2739723786983,0.06293951210622355,0.04336067737842959,0.6889261757423446
Caltanissetta,259586,0.053885802778270014,2505.106770010709,0.1259043245783671,0.0532494048215235,0.4229354710399902
Enna,162371,0.05438163218801387,2007.8105696214225,0.07198576100412019,0.03770131365822715,0.5237329317956265
Catania,1077270,0.06204387015325777,2798.312511255303,0.20954746720877776,0.03042282807467023,0.1451834683564042
Ragusa,315564,0.06683588749033477,2657.924094636904,0.10799077207793031,0.07396280944594441,0.6848993485533189
Siracusa,391400,0.05618293306080736,3438.9452376085846,0.1531578947368421,0.0316039856923863,0.20634904747606178
Sassari,327537,0.06601086289487905,4960.510864421424,0.18473027474758577,0.10546900044880425,0.5709351138730043
Nuoro,152466,0.06819881153831019,3110.2528432568574,0.08935238020279931,0.06646268676295042,0.7438267073815256
Cagliari,551287,0.07402496340381688,4534.741060463969,0.13178181237721914,0.08475204385374586,0.6431239814121481
Oristano,157430,0.06285968366893223,2721.5190179762435,0.10436638506002668,0.08179063710855618,0.7836875547765118
Verona,922857,0.08693329519091257,5074.047533908287,0.14787003836997498,0.07826770561419591,0.5293006377557563
Vicenza,856939,0.08640871753998826,2259.018920833338,0.08250120486989156,0.06273503714966876,0.7604135872755433
Belluno,203581,0.07381828363157662,3249.5472219902645,0.07545743463289796,0.06346908601490316,0.8411243547263649
Treviso,884173,0.08437489043433807,1846.7193750544293,0.04612864224535243,0.04009057051052226,0.8691036319102039
Venezia,851057,0.08290514031375101,5195.4528498091195,0.2054043383698154,0.12662712368266754,0.6164773572342213
Padova,933867,0.09427252488844771,4288.7850068585785,0.13498313999745146,0.07727749240523543,0.5724973682394294
Rovigo,233428,0.0759249104648971,3610.514899669277,0.1322206419109961,0.08534623095772573,0.645483411093831
Pordenone,310636,0.07230327457216806,2999.5016096009476,0.08734821463062878,0.07464942891358374,0.8546188291226712
Udine,527918,0.07718812391318348,3444.0313836618566,0.11109130584674135,0.07095003390678098,0.638664145371212
Gorizia,138143,0.0627176186994636,4125.0697755224655,0.11995540852594774,0.07706507025328826,0.6424476495081769
Trieste,232405,0.06690475678234117,15352.052494567673,0.4245381984036488,0.17917987995094772,0.4220583227250245
Piacenza,286265,0.08299303093287688,6441.578935601628,0.2721209368941365,0.18346776588126387,0.6742140754595392
Parma,452505,0.0857449088960343,8272.271758323113,0.25261731914564484,0.20624788676368216,0.8164439693256793
Reggio nell'Emilia,529932,0.08260305095748134,5453.1062287236855,0.22497282670229388,0.18642033317482243,0.8286348885215018
Modena,706757,0.0870808495706445,5049.944900439614,0.18312673238468102,0.11513674431240158,0.6287271269087147
Bologna,1017551,0.09157084018393181,7646.739957997192,0.22220114765746385,0.12033598315956645,0.5415632836652646
Ferrara,345538,0.07337832597283077,6728.437248580474,0.243710387858933,0.20943948277758165,0.8593785624715002
Ravenna,388913,0.0792182313268006,6709.715900471314,0.2980257795445254,0.1769496005533371,0.5937392423694697
Rimini,336554,0.1066753032202856,6438.585793067383,0.3418785692637734,0.23464139484302668,0.686329638468772
Lucca,383477,0.09415167011320105,3848.2355056496217,0.1552080046521695,0.1257313997971195,0.810083217543394
Pistoia,291413,0.08833854357904418,4599.703664558548,0.18785023317422353,0.07553197695367056,0.40208614957436706
Firenze,998976,0.0993337177269524,6831.558938352873,0.2479131630789929,0.13374615606380935,0.539487917473723
Prato,256534,0.11715016333117638,11551.822662882892,0.47698043924002276,0.3511039472350644,0.7360971611214948
Livorno,332887,0.08091334296623179,7381.646132170977,0.24554518500271866,0.16792455097375386,0.6838845199586977
Pisa,418300,0.08764762132440831,3773.698976810901,0.15987855606024384,0.09878340903657662,0.6178652814412087
Arezzo,340349,0.08518021207642743,4509.702390781227,0.18376725067504238,0.08452970333393076,0.4599824126628827
Siena,266033,0.0876996462844835,3983.992997109381,0.13742881522217168,0.059884300068036675,0.4357477721919225
Grosseto,220539,0.08267471966409569,5461.581144378092,0.2214275026185845,0.0916096472732714,0.4137229846785192
Perugia,648829,0.08199232771654781,3923.563624622204,0.14679353111528615,0.10434043484492833,0.71079722690902
Terni,224915,0.07420581108418736,6830.25286886157,0.22283529333303692,0.1629090989929529,0.7310740437758135
Ancona,469166,0.07983315073982343,3489.3711245060385,0.10614260197883052,0.061091170289407165,0.5755574967117484
Macerata,313022,0.09123320405594496,2070.132869255196,0.06084811930151874,0.04359949140954949,0.7165298107818636
Ascoli Piceno,207309,0.08901687818666822,3417.1233906873313,0.11185476752094699,0.0739533739490326,0.6611553140565367
Fermo,172681,0.09525078034062809,2788.1711363728496,0.11010070592595594,0.06887324025225705,0.6255476717703803
Viterbo,311761,0.07320992683497936,2955.0597990127053,0.08633793194145516,0.04986832862352892,0.5775946620697854
Rieti,153534,0.06461760912892259,4470.30100824573,0.16544348483072155,0.09776075657509087,0.5909012172653261
Roma,4263542,0.08627357253663738,11538.648257247143,0.4095880373642385,0.19244226983104656,0.4698434824157511
Latina,563271,0.07109899142686203,3083.310402985419,0.12292875010430147,0.0351715248965418,0.286113092882664
Frosinone,480968,0.07007534804810299,1261.8807030821176,0.04662430764624673,0.032356622478002695,0.6939861225072241
