Codice territorio,Comune,Reddito
001272,Torino,14969972224
002158,Vercelli,738802502
003106,Novara,1751412788
004078,Cuneo,964899437
005005,Asti,1136172851
006003,Alessandria,1420316744
007003,Aosta,580606237
008031,Imperia,609369882
009056,Savona,969698033
010025,Genova,10292458096
011015,La Spezia,1454449405
012133,Varese,1412751875
013075,Como,1444166892
014061,Sondrio,372792260
015146,Milano,32991606244
016024,Bergamo,2471012318
017029,Brescia,3474468101
018110,Pavia,1430529991
019036,Cremona,1285585847
020030,Mantova,873224648
021008,Bolzano/Bozen,2129817338
022205,Trento,2166194157
023091,Verona,4682620285
024116,Vicenza,1935841415
025006,Belluno,661546073
026086,Treviso,1632819410
027042,Venezia,4421626516
028060,Padova,4005154788
029041,Rovigo,842795272
030129,Udine,1818166160
031007,Gorizia,569849514
032006,Trieste,3567893760
033032,Piacenza,1843998594
034027,Parma,3743244332
035033,Reggio nell'Emilia,2889775490
036023,Modena,3569083908
037006,Bologna,7780947891
038008,Ferrara,2324930750
039014,Ravenna,2609495740
040012,Forl√¨,1930982696
041044,Pesaro,1549616075
042002,Ancona,1637094293
043023,Macerata,647997131
044007,Ascoli Piceno,708400433
045010,Massa,905436730
046017,Lucca,1475709807
047014,Pistoia,1340413444
048017,Firenze,6824563422
049009,Livorno,2457254036
050026,Pisa,1578538282
051002,Arezzo,1534872699
052032,Siena,1059873609
053011,Grosseto,1204491644
054039,Perugia,2545721863
055032,Terni,1536226324
056059,Viterbo,921272398
057059,Rieti,686343195
058091,Roma,49195511468
059011,Latina,1736739334
060038,Frosinone,606924238
061022,Caserta,1035123290
062008,Benevento,714497838
063049,Napoli,9857149496
064008,Avellino,755079469
065116,Salerno,1828767983
066049,L'Aquila,1072994598
067041,Teramo,746892075
068028,Pescara,1712382920
069022,Chieti,692627341
070006,Campobasso,659087490
071024,Foggia,1659597035
072006,Bari,4335702338
073027,Taranto,2259248563
074001,Brindisi,970706434
075035,Lecce,1330708268
076063,Potenza,925810851
077014,Matera,809790186
078045,Cosenza,791808695
079023,Catanzaro,1045170195
080063,Reggio di Calabria,1980387444
081021,Trapani,671232426
082053,Palermo,6983382226
083048,Messina,2609047460
084001,Agrigento,640837752
085004,Caltanissetta,650290646
086009,Enna,326010210
087015,Catania,3014538119
088009,Ragusa,838745159
089017,Siracusa,1346003166
090064,Sassari,1624750847
091051,Nuoro,474207810
092009,Cagliari,2499943795
093033,Pordenone,931753182
094023,Isernia,267601592
095038,Oristano,428448739
096004,Biella,746798532
097042,Lecco,910104157
098031,Lodi,839192388
099014,Rimini,2166931803
100005,Prato,2963435275
101010,Crotone,563066509
102047,Vibo Valentia,368461201
103072,Verbania,434423746
108033,Monza,2602102571
109006,Fermo,481464180
110001,Andria,781582376
110002,Barletta,826886801
110009,Trani,526632161
111009,Carbonia,305814524
